model,adjusted_arithmetic_mean_rank,Hits_@_10,All relations predictions at rank 1,All relations predictions at rank 2,All relations predictions at rank 3,Drug-drug relations predictions at rank 1,Drug-drug relations predictions at rank 2,Drug-drug relations predictions at rank 3,ROC-AUC
TransE,0.9912356931027314,0.00350450281816102,0.9994775652829284,0.4916025042608405,0.29376247205830713,0.0,0.0,0.0,0.5583664701373363
RotatE,1.0620466601435572,0.0003639691354173166,73.08947336867618,12.558131567903667,4.728462414676133,61.84278572659886,28.39165661092915,7.679710394759525,0.7585725633264863
ComplEx,1.0143585270897642,0.00011439029970258523,0.19784003220253338,0.012846755337826843,0.38454620977895015,0.0,0.0,0.0,0.49535509717546006
TransR,1.0064945116808346,0.0007591356252989747,0.019698358184667825,0.007708053202696106,0.02141125889637807,0.0,0.034476814342354764,0.09481123944147561,0.5356373512847694
HolE,1.0011207811403895,7.279382708346333e-05,22.060448266116254,13.754592715033272,7.890477128493247,0.04309601792794346,0.17238407171177383,0.3189105326667816,0.5771017104349361
