{
  "losses": [
    1044246.5472189749,
    117384.26096561697,
    35596.02519845055,
    475794.695918521,
    1975555.26501446,
    869567.1824349293,
    451525.3001405848,
    564209.2075353471,
    676990.1768938785,
    1414535.9680751928,
    1511522.3383475258,
    3844451.8205133355,
    2375843.2769440874,
    411535.0505422558,
    241737.17201558483,
    265124.43721883034,
    3263671.9379900387,
    705072.1854795951,
    640529.425899743,
    238580.59388255142,
    469014.3839361745,
    3334557.509696337,
    15287250.7219232,
    17737103.39669023,
    13467458.487253977,
    319276.925498072,
    187254.7332302378,
    812867.6886407455,
    134912912.2965617,
    25335376.68136247,
    404339.9799526028,
    146808.08393717866,
    5647060.5443484895,
    1302897.5194087403,
    17977344.798457585,
    308714.5878615039,
    235223.37654241646,
    1008013.6798361182,
    1728635.5263174807,
    1040157.84593509,
    1204191.281266067,
    237892.36446417094,
    268593.2377048522,
    4210564.9445774425,
    2890762.857559447,
    284955.3096511488,
    9800897.024132391,
    15079088.147413239,
    334214.92069810414,
    261945172.70846722,
    274142.8974293059,
    27249498.96269682,
    182469.48364596724,
    1251621.02772835,
    673910.5676092545,
    338404.0947541774,
    203093.02565371947,
    356224.1197220437,
    419774.98387692805,
    1133434.4365641067,
    292525.26557679946,
    115709.8881165649,
    834468.4990400064,
    128053.142781973,
    270077.63830936694,
    638224.3160065874,
    3635736.4376606685,
    1880147.5927056556,
    368938.4883676093,
    270307.7840616967,
    158227.58173100097,
    136109.5877048522,
    704909.4990540649,
    43665.01357723128,
    44205.48424044023,
    21873.748840928263,
    145630839.2790049,
    356253.8361262854,
    116022.82997670308,
    105340.20015263496,
    86516.60888797397,
    72398.81184125964,
    46487.28910869216,
    18996731.66305732,
    75613.18871806716,
    45064.780935441435,
    34411.04947556836,
    274430.23430947744,
    50652.57041768758,
    175338.9616163239,
    144596.9615460315,
    68754.36755000803,
    335766.27748333063,
    59633.40327763496,
    16284633.815341823,
    24388.494055269923,
    15937.712705605318,
    46787.58622949595,
    6446055.524178583,
    122842.09757792417
  ],
  "metrics": {
    "both": {
      "optimistic": {
        "adjusted_arithmetic_mean_rank": 1.0364664551422167,
        "adjusted_arithmetic_mean_rank_index": -0.036468218002695396,
        "adjusted_geometric_mean_rank_index": -0.07066440502567772,
        "adjusted_hits_at_k": -0.00020963560610783597,
        "adjusted_inverse_harmonic_mean_rank": -0.00010564170734234657,
        "arithmetic_mean_rank": 21441.33644889831,
        "count": 31134.0,
        "geometric_mean_rank": 16298.41560234095,
        "harmonic_mean_rank": 6050.357991060279,
        "hits_at_1": 0.0,
        "hits_at_10": 3.211922656902422e-05,
        "hits_at_3": 0.0,
        "hits_at_5": 3.211922656902422e-05,
        "inverse_arithmetic_mean_rank": 4.6638883839322506e-05,
        "inverse_geometric_mean_rank": 6.135565716316434e-05,
        "inverse_harmonic_mean_rank": 0.000165279476268603,
        "inverse_median_rank": 4.654951704876062e-05,
        "median_absolute_deviation": 15111.423112118347,
        "median_rank": 21482.5,
        "standard_deviation": 11891.142762274869,
        "variance": 141399276.192802,
        "z_arithmetic_mean_rank": -11.145049931823394,
        "z_geometric_mean_rank": -12.478004884710714,
        "z_hits_at_k": -2.3789644494748456,
        "z_inverse_harmonic_mean_rank": -2.9581708450803905
      },
      "pessimistic": {
        "adjusted_arithmetic_mean_rank": 1.0365191064393429,
        "adjusted_arithmetic_mean_rank_index": -0.03652087184508912,
        "adjusted_geometric_mean_rank_index": -0.07074477037416371,
        "adjusted_hits_at_k": -0.00020963560610783597,
        "adjusted_inverse_harmonic_mean_rank": -0.00010565639035338336,
        "arithmetic_mean_rank": 21442.425643990493,
        "count": 31134.0,
        "geometric_mean_rank": 16299.63890581322,
        "harmonic_mean_rank": 6050.8953916999435,
        "hits_at_1": 0.0,
        "hits_at_10": 3.211922656902422e-05,
        "hits_at_3": 0.0,
        "hits_at_5": 3.211922656902422e-05,
        "inverse_arithmetic_mean_rank": 4.6636514758313386e-05,
        "inverse_geometric_mean_rank": 6.135105236247613e-05,
        "inverse_harmonic_mean_rank": 0.00016526479723508476,
        "inverse_median_rank": 4.654951704876062e-05,
        "median_absolute_deviation": 15111.423112118347,
        "median_rank": 21482.5,
        "standard_deviation": 11891.096648503819,
        "variance": 141398179.50405875,
        "z_arithmetic_mean_rank": -11.161141469461427,
        "z_geometric_mean_rank": -12.492195893757014,
        "z_hits_at_k": -2.3789644494748456,
        "z_inverse_harmonic_mean_rank": -2.95858199760963
      },
      "realistic": {
        "adjusted_arithmetic_mean_rank": 1.0364926773345557,
        "adjusted_arithmetic_mean_rank_index": -0.036494441462667115,
        "adjusted_geometric_mean_rank_index": -0.07070401619048616,
        "adjusted_hits_at_k": -0.00020963560610783597,
        "adjusted_inverse_harmonic_mean_rank": -0.0001056490453053671,
        "arithmetic_mean_rank": 21441.87890625,
        "count": 31134.0,
        "geometric_mean_rank": 16299.0185546875,
        "harmonic_mean_rank": 6050.62654979148,
        "hits_at_1": 0.0,
        "hits_at_10": 3.211922656902422e-05,
        "hits_at_3": 0.0,
        "hits_at_5": 3.211922656902422e-05,
        "inverse_arithmetic_mean_rank": 4.663770232582465e-05,
        "inverse_geometric_mean_rank": 6.135338480817154e-05,
        "inverse_harmonic_mean_rank": 0.0001652721402933821,
        "inverse_median_rank": 4.6549517719540745e-05,
        "median_absolute_deviation": 15111.423112118347,
        "median_rank": 21482.5,
        "standard_deviation": 11891.119140625,
        "variance": 141398720.0,
        "z_arithmetic_mean_rank": -11.153064081863533,
        "z_geometric_mean_rank": -12.484999471416586,
        "z_hits_at_k": -2.3789644494748456,
        "z_inverse_harmonic_mean_rank": -2.9583763221482613
      }
    },
    "head": {
      "optimistic": {
        "adjusted_arithmetic_mean_rank": 1.039609807231113,
        "adjusted_arithmetic_mean_rank_index": -0.03961172188896778,
        "adjusted_geometric_mean_rank_index": -0.07417143685606309,
        "adjusted_hits_at_k": -0.00017748854277077202,
        "adjusted_inverse_harmonic_mean_rank": -9.459628212646877e-05,
        "arithmetic_mean_rank": 21508.142802081325,
        "count": 15567.0,
        "geometric_mean_rank": 16353.416275925863,
        "harmonic_mean_rank": 5672.103716237949,
        "hits_at_1": 0.0,
        "hits_at_10": 6.423845313804844e-05,
        "hits_at_3": 0.0,
        "hits_at_5": 6.423845313804844e-05,
        "inverse_arithmetic_mean_rank": 4.649401899559783e-05,
        "inverse_geometric_mean_rank": 6.114930257551852e-05,
        "inverse_harmonic_mean_rank": 0.00017630143065565363,
        "inverse_median_rank": 4.677049717038492e-05,
        "median_absolute_deviation": 15411.650061365732,
        "median_rank": 21381.0,
        "standard_deviation": 11947.265248217176,
        "variance": 142737146.91125783,
        "z_arithmetic_mean_rank": -8.560049065041909,
        "z_geometric_mean_rank": -9.261388531725856,
        "z_hits_at_k": -1.4242828975033754,
        "z_inverse_harmonic_mean_rank": -1.8731170526601697
      },
      "pessimistic": {
        "adjusted_arithmetic_mean_rank": 1.0396592948266963,
        "adjusted_arithmetic_mean_rank_index": -0.039661211876681035,
        "adjusted_geometric_mean_rank_index": -0.07424819499525936,
        "adjusted_hits_at_k": -0.00017748854277077202,
        "adjusted_inverse_harmonic_mean_rank": -9.461246851112963e-05,