model,adjusted_arithmetic_mean_rank,Hits_@_10,All relations predictions at rank 1,All relations predictions at rank 2,All relations predictions at rank 3,Drug-drug relations predictions at rank 1,Drug-drug relations predictions at rank 2,Drug-drug relations predictions at rank 3,ROC-AUC
TransE,0.9701123457144536,0.0008350998907946296,1.0,0.3917525773195876,0.3118556701030928,0.0,0.0,0.0,0.6920811526627398
RotatE,1.0731511178011397,0.00012847690627609687,12.734536082474227,3.7783505154639174,3.3737113402061856,4.350244770805518,3.8050734312416554,3.4824210057854916,0.5109531747025181
ComplEx,1.0355002041294523,0.00022483458598316952,0.01288659793814433,0.061855670103092786,0.36855670103092786,0.022251891410769914,0.255896751223854,1.568758344459279,0.5019523363940549
TransR,1.0121214743424556,0.00028907303912121797,16.3840206185567,13.324742268041238,10.257731958762887,0.6230529595015576,1.9136626613262127,3.7494437027147307,0.5460103615902832
HolE,1.0064597885842328,0.0003854307188282906,74.89690721649484,14.927835051546392,2.9536082474226806,54.65064530485091,39.66399643969737,3.938584779706275,0.7788708009036872
CompGCN,1.0364926773345557,3.211922656902422e-05,0.005154639175257732,0.007731958762886598,0.0,0.0,0.0,0.0,0.5
