{
  "losses": [
    1.7225501881370062,
    0.5626212102702901,
    0.09604385046264793,
    0.01922119948541439,
    0.011116171845152407,
    0.009728471476207428,
    0.009010616889152723,
    0.008560217850947682,
    0.008340216848315506,
    0.007940259531046016,
    0.0076700412503243245,
    0.007342804082421751,
    0.007310299132655881,
    0.007182093908350113,
    0.0069506301043578715,
    0.006693426334546714,
    0.006626973637155717,
    0.006592885186141239,
    0.0062973693048557905,
    0.006251305717786279,
    0.006244054609390942,
    0.006038072156495875,
    0.006019128957480381,
    0.005937600637125912,
    0.005931150309057741,
    0.005850232794256055,
    0.005844778523344216,
    0.005833501400885797,
    0.0057062951511927425,
    0.005718014110469177,
    0.005574208370681051,
    0.0055766843383117945,
    0.00577032252544938,
    0.005573750727609555,
    0.005522332540890084,
    0.005459534587880856,
    0.005479993700061607,
    0.00548564433739108,
    0.005517879319141466,
    0.0054793328877915685,
    0.005272852865201009,
    0.005494664265785979,
    0.00530658172785387,
    0.005405439947189504,
    0.005279901339613561,
    0.005320107951005803,
    0.005292895481968888,
    0.005097011214157543,
    0.005332517690213892,
    0.005287814278544599,
    0.0053239332541493295,
    0.005105290048508139,
    0.005134713058242032,
    0.005165384191418467,
    0.005058144083647411,
    0.005132073004836146,
    0.005078027642013717,
    0.005054979028675375,
    0.005016859820336575,
    0.005165627524492484,
    0.0050920619098823285,
    0.004956058936806608,
    0.004977412682168092,
    0.0049083173180682746,
    0.004948549873572833,
    0.004938120224595635,
    0.004937472871999858,
    0.004918123691790749,
    0.004979625491637595,
    0.0049543600673846245,
    0.004929930637472698,
    0.0048617114000541126,
    0.004969147735575945,
    0.00496052221153403,
    0.004906505912165099
  ],
  "metrics": {
    "both": {
      "optimistic": {
        "adjusted_arithmetic_mean_rank": 1.0013066707440295,
        "adjusted_arithmetic_mean_rank_index": -0.0013067339101173747,
        "adjusted_geometric_mean_rank_index": -0.0062004198206673244,
        "adjusted_hits_at_k": 3.522864835483691e-05,
        "adjusted_inverse_harmonic_mean_rank": 1.650181675736485e-05,
        "arithmetic_mean_rank": 20714.301289658993,
        "count": 25278.0,
        "geometric_mean_rank": 15317.4478034024,
        "harmonic_mean_rank": 3479.6384138498947,
        "hits_at_1": 3.956009177941293e-05,
        "hits_at_10": 0.0002769206424558905,
        "hits_at_3": 7.912018355882586e-05,
        "hits_at_5": 0.0001582403671176517,
        "inverse_arithmetic_mean_rank": 4.827582576966864e-05,
        "inverse_geometric_mean_rank": 6.52850274298225e-05,
        "inverse_harmonic_mean_rank": 0.0002873861824319825,
        "inverse_median_rank": 4.811161895597787e-05,
        "median_absolute_deviation": 15043.22341006709,
        "median_rank": 20785.0,
        "standard_deviation": 11820.683914250654,
        "variance": 139728568.20062417,
        "z_arithmetic_mean_rank": -0.35983924368667886,
        "z_geometric_mean_rank": -0.9865591233287887,
        "z_hits_at_k": 0.36022683474793515,
        "z_inverse_harmonic_mean_rank": 0.4163674539146811
      },
      "pessimistic": {
        "adjusted_arithmetic_mean_rank": 1.0013066975161113,
        "adjusted_arithmetic_mean_rank_index": -0.0013067606834935575,
        "adjusted_geometric_mean_rank_index": -0.006200499636123347,
        "adjusted_hits_at_k": 3.522864835483691e-05,
        "adjusted_inverse_harmonic_mean_rank": 1.650176429332116e-05,
        "arithmetic_mean_rank": 20714.301843500278,
        "count": 25278.0,
        "geometric_mean_rank": 15317.449018358428,
        "harmonic_mean_rank": 3479.6390489064624,
        "hits_at_1": 3.956009177941293e-05,
        "hits_at_10": 0.0002769206424558905,
        "hits_at_3": 7.912018355882586e-05,
        "hits_at_5": 0.0001582403671176517,
        "inverse_arithmetic_mean_rank": 4.8275824478910906e-05,
        "inverse_geometric_mean_rank": 6.528502225151653e-05,
        "inverse_harmonic_mean_rank": 0.00028738612998215074,
        "inverse_median_rank": 4.811161895597787e-05,
        "median_absolute_deviation": 15043.22341006709,
        "median_rank": 20785.0,
        "standard_deviation": 11820.68401643421,
        "variance": 139728570.6163832,
        "z_arithmetic_mean_rank": -0.35984661635171733,
        "z_geometric_mean_rank": -0.9865718228988953,
        "z_hits_at_k": 0.36022683474793515,
        "z_inverse_harmonic_mean_rank": 0.41636613016223567
      },
      "realistic": {
        "adjusted_arithmetic_mean_rank": 1.0013066461680946,
        "adjusted_arithmetic_mean_rank_index": -0.0013067093329945934,
        "adjusted_geometric_mean_rank_index": -0.006200961881505318,
        "adjusted_hits_at_k": 3.522864835483691e-05,
        "adjusted_inverse_harmonic_mean_rank": 1.6501786512002103e-05,
        "arithmetic_mean_rank": 20714.30078125,
        "count": 25278.0,
        "geometric_mean_rank": 15317.4560546875,
        "harmonic_mean_rank": 3479.63877995806,
        "hits_at_1": 3.956009177941293e-05,
        "hits_at_10": 0.0002769206424558905,
        "hits_at_3": 7.912018355882586e-05,
        "hits_at_5": 0.0001582403671176517,
        "inverse_arithmetic_mean_rank": 4.827582597499713e-05,
        "inverse_geometric_mean_rank": 6.528499216074124e-05,
        "inverse_harmonic_mean_rank": 0.0002873861521948129,
        "inverse_median_rank": 4.8111618525581434e-05,
        "median_absolute_deviation": 15043.22341006709,
        "median_rank": 20785.0,
        "standard_deviation": 11820.68359375,
        "variance": 139728560.0,
        "z_arithmetic_mean_rank": -0.3598324758105491,
        "z_geometric_mean_rank": -0.9866453715314094,
        "z_hits_at_k": 0.36022683474793515,
        "z_inverse_harmonic_mean_rank": 0.41636669077539423
      }
    },
    "head": {
      "optimistic": {
        "adjusted_arithmetic_mean_rank": 1.0005678697924878,
        "adjusted_arithmetic_mean_rank_index": -0.0005678972418698969,
        "adjusted_geometric_mean_rank_index": -0.0006294763276943893,
        "adjusted_hits_at_k": 0.00015395658167381536,
        "adjusted_inverse_harmonic_mean_rank": 3.301159874692639e-05,
        "arithmetic_mean_rank": 20700.63849988132,
        "count": 12639.0,
        "geometric_mean_rank": 15234.141304282251,
        "harmonic_mean_rank": 3290.8578312577824,
        "hits_at_1": 0.0,
        "hits_at_10": 0.0003956009177941293,
        "hits_at_3": 7.912018355882586e-05,
        "hits_at_5": 0.00023736055067647758,
        "inverse_arithmetic_mean_rank": 4.830768867374469e-05,
        "inverse_geometric_mean_rank": 6.564203259155174e-05,
        "inverse_harmonic_mean_rank": 0.00030387213646898716,
        "inverse_median_rank": 4.795243118826125e-05,
        "median_absolute_deviation": 15109.19920879059,
        "median_rank": 20854.0,
        "standard_deviation": 11859.16481211596,
        "variance": 140639790.04092935,
        "z_arithmetic_mean_rank": -0.11057989158092596,
        "z_geometric_mean_rank": -0.07082337456229482,
        "z_hits_at_k": 1.113218425591015,
        "z_inverse_harmonic_mean_rank": 0.5889976948183566
      },
      "pessimistic": {
        "adjusted_arithmetic_mean_rank": 1.0005678965624734,
        "adjusted_arithmetic_mean_rank_index": -0.0005679240131495344,
        "adjusted_geometric_mean_rank_index": -0.000629608296642159,
        "adjusted_hits_at_k": 0.00015395658167381536,
        "adjusted_inverse_harmonic_mean_rank": 3.30114955346527e-05,
        "arithmetic_mean_rank": 20700.639053722603,
        "count": 12639.0,
        "geometric_mean_rank": 15234.14331331924,
        "harmonic_mean_rank": 3290.858948718027,
        "hits_at_1": 0.0,
        "hits_at_10": 0.0003956009177941293,
        "hits_at_3": 7.912018355882586e-05,