{
  "losses": [
    5.4936912020698925,
    5.4798924883858104,
    5.465416290720955,
    5.450057936496422,
    5.434099510067799,
    5.424175364072205,
    5.413614491947362,
    5.4054668066931555,
    5.398376761889849,
    5.389433305771624,
    5.379198512092966,
    5.370865970361428,
    5.358361353639697,
    5.346468065605789,
    5.3352599222151955,
    5.3225582388580825,
    5.3087824289915995,
    5.296363009781134,
    5.276390232023646,
    5.26480498861094,
    5.2484182764272225,
    5.233919237480789,
    5.213804635845247,
    5.197307203636795,
    5.177655360737785,
    5.158891646588435,
    5.137976912201428,
    5.117354908927542,
    5.101846257194143,
    5.079619274764765,
    5.06169207369695,
    5.039296165841525,
    5.02185579987823,
    5.005662636678727,
    4.988283853061864,
    4.970914567103152,
    4.955314776936516,
    4.941438878168825,
    4.93079197993044,
    4.920165992173993,
    4.898041514099622,
    4.883057203449186,
    4.873469571598241,
    4.858691926862373,
    4.842153463207308,
    4.830686170546735,
    4.812318434480761,
    4.8023546797330265,
    4.789891172627934,
    4.770017381574287,
    4.757637008291776,
    4.748056145965076,
    4.730528182670718,
    4.7010944319553065,
    4.672117397433421,
    4.613953863988157,
    4.565075366223445,
    4.533689014247207,
    4.509550688696689,
    4.484409261922368,
    4.468469033475782,
    4.450297652697954,
    4.432444767873795,
    4.4159038965819315,
    4.3988785509203305,
    4.383557546334188,
    4.363168567907615,
    4.344722966678807,
    4.316868023794205,
    4.296567823066086,
    4.278217831595999,
    4.2647897689068905,
    4.254507885604609,
    4.236284795354624,
    4.224368204835986
  ],
  "metrics": {
    "both": {
      "optimistic": {
        "adjusted_arithmetic_mean_rank": 1.0121202677352694,
        "adjusted_arithmetic_mean_rank_index": -0.012120853652954455,
        "adjusted_geometric_mean_rank_index": -0.019769885228836825,
        "adjusted_hits_at_k": 4.73803282656219e-05,
        "adjusted_inverse_harmonic_mean_rank": -2.3124139630394884e-05,
        "arithmetic_mean_rank": 20937.687929594656,
        "count": 31134.0,
        "geometric_mean_rank": 15523.71053405133,
        "harmonic_mean_rank": 4035.9247251582415,
        "hits_at_1": 0.0,
        "hits_at_10": 0.00028907303912121797,
        "hits_at_3": 0.0,
        "hits_at_5": 6.423845313804844e-05,
        "inverse_arithmetic_mean_rank": 4.776076534155123e-05,
        "inverse_geometric_mean_rank": 6.441758868193887e-05,
        "inverse_harmonic_mean_rank": 0.00024777469058489236,
        "inverse_median_rank": 4.729362245501194e-05,
        "median_absolute_deviation": 15187.035825262134,
        "median_rank": 21144.5,
        "standard_deviation": 11930.767444569694,
        "variance": 142343211.81640404,
        "z_arithmetic_mean_rank": -3.704253362983593,
        "z_geometric_mean_rank": -3.490989903133766,
        "z_hits_at_k": 0.5376763930569206,
        "z_inverse_harmonic_mean_rank": -0.647520353401009
      },
      "pessimistic": {
        "adjusted_arithmetic_mean_rank": 1.0121225966829763,
        "adjusted_arithmetic_mean_rank_index": -0.012123182713247527,
        "adjusted_geometric_mean_rank_index": -0.019773753544868544,
        "adjusted_hits_at_k": 4.73803282656219e-05,
        "adjusted_inverse_harmonic_mean_rank": -2.31281819754985e-05,
        "arithmetic_mean_rank": 20937.73610843451,
        "count": 31134.0,
        "geometric_mean_rank": 15523.769416698173,
        "harmonic_mean_rank": 4035.990552894864,
        "hits_at_1": 0.0,
        "hits_at_10": 0.00028907303912121797,
        "hits_at_3": 0.0,
        "hits_at_5": 6.423845313804844e-05,
        "inverse_arithmetic_mean_rank": 4.77606554415003e-05,
        "inverse_geometric_mean_rank": 6.441734434191917e-05,
        "inverse_harmonic_mean_rank": 0.00024777064933483,
        "inverse_median_rank": 4.729362245501194e-05,
        "median_absolute_deviation": 15186.294524152881,
        "median_rank": 21144.5,
        "standard_deviation": 11930.769744715357,
        "variance": 142343266.70141536,
        "z_arithmetic_mean_rank": -3.704965146961001,
        "z_geometric_mean_rank": -3.4916729749903936,
        "z_hits_at_k": 0.5376763930569206,
        "z_inverse_harmonic_mean_rank": -0.6476335468331484
      },
      "realistic": {
        "adjusted_arithmetic_mean_rank": 1.0121214743424556,
        "adjusted_arithmetic_mean_rank_index": -0.012122060318470407,
        "adjusted_geometric_mean_rank_index": -0.019771579779507498,
        "adjusted_hits_at_k": 4.73803282656219e-05,
        "adjusted_inverse_harmonic_mean_rank": -2.3126164138032805e-05,
        "arithmetic_mean_rank": 20937.712890625,
        "count": 31134.0,
        "geometric_mean_rank": 15523.736328125,
        "harmonic_mean_rank": 4035.9576930684834,
        "hits_at_1": 0.0,
        "hits_at_10": 0.00028907303912121797,
        "hits_at_3": 0.0,
        "hits_at_5": 6.423845313804844e-05,
        "inverse_arithmetic_mean_rank": 4.776071000378579e-05,
        "inverse_geometric_mean_rank": 6.441747973440215e-05,
        "inverse_harmonic_mean_rank": 0.00024777266662567854,
        "inverse_median_rank": 4.729362262878567e-05,
        "median_absolute_deviation": 15186.665174707507,
        "median_rank": 21144.5,
        "standard_deviation": 11930.7685546875,
        "variance": 142343248.0,
        "z_arithmetic_mean_rank": -3.7046221319600363,
        "z_geometric_mean_rank": -3.4912891289114327,
        "z_hits_at_k": 0.5376763930569206,
        "z_inverse_harmonic_mean_rank": -0.6475770435058994
      }
    },
    "head": {
      "optimistic": {
        "adjusted_arithmetic_mean_rank": 1.0071168164614237,
        "adjusted_arithmetic_mean_rank_index": -0.0071171604739168615,
        "adjusted_geometric_mean_rank_index": -0.014622980343603098,
        "adjusted_hits_at_k": -0.00011323456046685509,
        "adjusted_inverse_harmonic_mean_rank": -4.014040375170712e-05,
        "arithmetic_mean_rank": 20835.906083381513,
        "count": 15567.0,
        "geometric_mean_rank": 15446.893242386017,
        "harmonic_mean_rank": 4333.8342380574395,
        "hits_at_1": 0.0,
        "hits_at_10": 0.00012847690627609687,
        "hits_at_3": 0.0,
        "hits_at_5": 6.423845313804844e-05,
        "inverse_arithmetic_mean_rank": 4.799407311581179e-05,
        "inverse_geometric_mean_rank": 6.473793689827652e-05,
        "inverse_harmonic_mean_rank": 0.00023074255845286583,
        "inverse_median_rank": 4.7252279922506264e-05,
        "median_absolute_deviation": 15132.920844286678,
        "median_rank": 21163.0,
        "standard_deviation": 11891.381633671568,
        "variance": 141404957.1576215,
        "z_arithmetic_mean_rank": -1.5380104664794487,
        "z_geometric_mean_rank": -1.825892933916208,
        "z_hits_at_k": -0.9086673728993626,
        "z_inverse_harmonic_mean_rank": -0.7948269538486299
      },
      "pessimistic": {
        "adjusted_arithmetic_mean_rank": 1.0071191638464319,
        "adjusted_arithmetic_mean_rank_index": -0.007119507972392913,
        "adjusted_geometric_mean_rank_index": -0.014626780780895077,
        "adjusted_hits_at_k": -0.00011323456046685509,
        "adjusted_inverse_harmonic_mean_rank": -4.014191740834826e-05,
        "arithmetic_mean_rank": 20835.954647652085,
        "count": 15567.0,
        "geometric_mean_rank": 15446.951097520214,
        "harmonic_mean_rank": 4333.862660222497,
        "hits_at_1": 0.0,
        "hits_at_10": 0.00012847690627609687,
        "hits_at_3": 0.0,
        "hits_at_5": 6.423845313804844e-05,
        "inverse_arithmetic_mean_rank": 4.799396125162356e-05,
        "inverse_geometric_mean_rank": 6.473769442828984e-05,
        "inverse_harmonic_mean_rank": 0.000230741045206232,
        "inverse_median_rank": 4.7252279922506264e-05,
        "median_absolute_deviation": 15132.920844286678,