{
    "fit_time": [
        3776.126601934433,
        3750.8625254631042,
        3818.1493632793427,
        4415.4956068992615,
        4187.2300407886505,
        3945.8658995628357,
        4166.637770652771,
        3833.2450630664825,
        4100.116374492645,
        3713.8556859493256
    ],
    "score_time": [
        1.335425615310669,
        1.3176052570343018,
        1.3372657299041748,
        5.149588346481323,
        1.3272600173950195,
        1.323664903640747,
        1.361436128616333,
        5.365697145462036,
        5.556057453155518,
        1.3821008205413818
    ],
    "estimator": [
        {
            "C": 1.0,
            "break_ties": false,
            "cache_size": 200,
            "class_weight": null,
            "coef0": 0.0,
            "decision_function_shape": "ovr",
            "degree": 3,
            "gamma": "scale",
            "kernel": "rbf",
            "max_iter": -1,
            "probability": false,
            "random_state": null,
            "shrinking": true,
            "tol": 0.001,
            "verbose": true
        },
        {
            "C": 1.0,
            "break_ties": false,
            "cache_size": 200,
            "class_weight": null,
            "coef0": 0.0,
            "decision_function_shape": "ovr",
            "degree": 3,
            "gamma": "scale",
            "kernel": "rbf",
            "max_iter": -1,
            "probability": false,
            "random_state": null,
            "shrinking": true,
            "tol": 0.001,
            "verbose": true
        },
        {
            "C": 1.0,
            "break_ties": false,
            "cache_size": 200,
            "class_weight": null,
            "coef0": 0.0,
            "decision_function_shape": "ovr",
            "degree": 3,
            "gamma": "scale",
            "kernel": "rbf",
            "max_iter": -1,
            "probability": false,
            "random_state": null,
            "shrinking": true,
            "tol": 0.001,
            "verbose": true
        },
        {
            "C": 1.0,
            "break_ties": false,
            "cache_size": 200,
            "class_weight": null,
            "coef0": 0.0,
            "decision_function_shape": "ovr",
            "degree": 3,
            "gamma": "scale",
            "kernel": "rbf",
            "max_iter": -1,
            "probability": false,
            "random_state": null,
            "shrinking": true,
            "tol": 0.001,
            "verbose": true
        },
        {
            "C": 1.0,
            "break_ties": false,
            "cache_size": 200,
            "class_weight": null,
            "coef0": 0.0,
            "decision_function_shape": "ovr",
            "degree": 3,
            "gamma": "scale",
            "kernel": "rbf",
            "max_iter": -1,
            "probability": false,
            "random_state": null,
            "shrinking": true,
            "tol": 0.001,
            "verbose": true
        },
        {
            "C": 1.0,
            "break_ties": false,
            "cache_size": 200,
            "class_weight": null,
            "coef0": 0.0,
            "decision_function_shape": "ovr",
            "degree": 3,
            "gamma": "scale",
            "kernel": "rbf",
            "max_iter": -1,
            "probability": false,
            "random_state": null,
            "shrinking": true,
            "tol": 0.001,
            "verbose": true
        },
        {
            "C": 1.0,
            "break_ties": false,
            "cache_size": 200,
            "class_weight": null,
            "coef0": 0.0,
            "decision_function_shape": "ovr",
            "degree": 3,
            "gamma": "scale",
            "kernel": "rbf",
            "max_iter": -1,
            "probability": false,
            "random_state": null,
            "shrinking": true,
            "tol": 0.001,
            "verbose": true
        },
        {
            "C": 1.0,
            "break_ties": false,
            "cache_size": 200,
            "class_weight": null,
            "coef0": 0.0,
            "decision_function_shape": "ovr",
            "degree": 3,
            "gamma": "scale",
            "kernel": "rbf",
            "max_iter": -1,
            "probability": false,
            "random_state": null,
            "shrinking": true,
            "tol": 0.001,
            "verbose": true
        },
        {
            "C": 1.0,
            "break_ties": false,
            "cache_size": 200,
            "class_weight": null,
            "coef0": 0.0,
            "decision_function_shape": "ovr",
            "degree": 3,
            "gamma": "scale",
            "kernel": "rbf",
            "max_iter": -1,
            "probability": false,
            "random_state": null,
            "shrinking": true,
            "tol": 0.001,
            "verbose": true
        },
        {
            "C": 1.0,
            "break_ties": false,
            "cache_size": 200,
            "class_weight": null,
            "coef0": 0.0,
            "decision_function_shape": "ovr",
            "degree": 3,
            "gamma": "scale",
            "kernel": "rbf",
            "max_iter": -1,
            "probability": false,
            "random_state": null,
            "shrinking": true,
            "tol": 0.001,
            "verbose": true
        }
    ],
    "test_roc_auc": [
        0.7798057438532047,
        0.7510340833299112,
        0.7712144620146959,
        0.7645929301411395,
        0.7657059592370794,
        0.7669053684536968,
        0.7941434278180807,
        0.7589159153248247,
        0.7705687352109445,
        0.7621367065932758
    ],
    "test_f1": [
        0.6057494866529775,
        0.5572441742654508,
        0.5973223480947477,
        0.5729275970619097,
        0.5909090909090909,
        0.5856573705179282,
        0.6116700201207242,
        0.5681341719077568,
        0.5879959308240081,
        0.5595854922279794
    ]
}