model,adjusted_arithmetic_mean_rank,Hits_@_10,All relations predictions at rank 1,All relations predictions at rank 2,All relations predictions at rank 3,ROC-AUC
TransE_wwl_ns,1.0188227964836432,0.0002769206424558905,0.5820980978433743,0.2830968891150837,0.19403269928112477,0.5303904979454265
RotatE_wwl_ns,1.1007063547673919,7.912018355882586e-05,11.632419365099562,4.284623703797951,3.635727463579108,0.4983165187380264
ComplEx_wwl_ns,1.0087657548348272,0.00023736055067647758,0.46758699662828423,1.5077294993320185,2.767351612698009,0.4917797539256763
TransR_wwl_ns,1.000118566484752,0.0,43.813219670462495,15.780265920223933,7.929893759144984,0.6570589800883715
HolE_wwl_ns,1.0013066461680946,0.0002769206424558905,84.57599083911191,6.590750047712959,1.7462942935301229,0.7145881229750168
CompGCN_wwl_ns,1.0786397384173751,0.00011868027533823879,2.566957185571601,0.3785228067943253,0.21629874673961447,0.5027662942346734
