{
  "losses": [
    0.9262467612985705,
    0.34451001345134175,
    0.07189496069169435,
    0.014200793365474607,
    0.00767245032198605,
    0.006594197381837446,
    0.0060798243970656,
    0.005790516497475691,
    0.0056082346537684805,
    0.00543528787608518,
    0.005279319482992907,
    0.005161644013018393,
    0.005054085026876849,
    0.004971758660967233,
    0.00479561134363662,
    0.004785753397240502,
    0.004770171763680753,
    0.004794324992499391,
    0.004670413058312213,
    0.004593260632064499,
    0.004466944984847405,
    0.004407587652018324,
    0.004476596761617015,
    0.004415442094542697,
    0.004297849966487924,
    0.004269687500858649,
    0.004214073661104089,
    0.004380995442052601,
    0.004115392396715088,
    0.004247644568839279,
    0.004222916679640041,
    0.004234488522939262,
    0.004164925890928897,
    0.004023707708435469,
    0.004090767010252495,
    0.0040577084597078015,
    0.004023421414532378,
    0.004026308625203664,
    0.004063225855104258,
    0.003916717409232601,
    0.003946930410523639,
    0.003932781009858504,
    0.003881911300580765,
    0.003923261896936131,
    0.0038846842982790996,
    0.0038747938052125152,
    0.0038060184766645316,
    0.003920521075669371,
    0.0038585386613048003,
    0.003792430568089495,
    0.003837784958362091,
    0.0037751155256553265,
    0.003886098503974862,
    0.0037435465034280644,
    0.0037266919389367104,
    0.0037873396230098167,
    0.003778811540363021,
    0.0037109367854771067,
    0.003698019379536148,
    0.0037006126167099984,
    0.003699408309747938,
    0.003748050146568261,
    0.0037105849821914413,
    0.0037699441891163588,
    0.0037110798579991842,
    0.0036568741092733183,
    0.0036519174464046955,
    0.003640091248986418,
    0.003756506872348121,
    0.003710414657033369,
    0.003661599342299045,
    0.0035915391206680263,
    0.0036515950408504633,
    0.0036032143674913,
    0.003662648507714516
  ],
  "metrics": {
    "both": {
      "optimistic": {
        "adjusted_arithmetic_mean_rank": 1.0064597867283527,
        "adjusted_arithmetic_mean_rank_index": -0.006460099007203901,
        "adjusted_geometric_mean_rank_index": -0.006005926788584803,
        "adjusted_hits_at_k": 0.00014376130365566854,
        "adjusted_inverse_harmonic_mean_rank": 5.931781315298893e-05,
        "arithmetic_mean_rank": 20820.589805357486,
        "count": 31134.0,
        "geometric_mean_rank": 15314.19861791664,
        "harmonic_mean_rank": 3028.51977860728,
        "hits_at_1": 3.211922656902422e-05,
        "hits_at_10": 0.0003854307188282906,
        "hits_at_3": 0.00022483458598316952,
        "hits_at_5": 0.00022483458598316952,
        "inverse_arithmetic_mean_rank": 4.8029379059313835e-05,
        "inverse_geometric_mean_rank": 6.529887883457797e-05,
        "inverse_harmonic_mean_rank": 0.00033019431045613586,
        "inverse_median_rank": 4.768262445164982e-05,
        "median_absolute_deviation": 15257.459430641149,
        "median_rank": 20972.0,
        "standard_deviation": 11957.752088008789,
        "variance": 142987834.99827856,
        "z_arithmetic_mean_rank": -1.974270472839919,
        "z_geometric_mean_rank": -1.0605337125238918,
        "z_hits_at_k": 1.631416709006333,
        "z_inverse_harmonic_mean_rank": 1.661012774949346
      },
      "pessimistic": {
        "adjusted_arithmetic_mean_rank": 1.0064598100178297,
        "adjusted_arithmetic_mean_rank_index": -0.006460122297806903,
        "adjusted_geometric_mean_rank_index": -0.006005967435844806,
        "adjusted_hits_at_k": 0.00014376130365566854,
        "adjusted_inverse_harmonic_mean_rank": 5.931780673248195e-05,
        "arithmetic_mean_rank": 20820.590287145886,
        "count": 31134.0,
        "geometric_mean_rank": 15314.199236640197,
        "harmonic_mean_rank": 3028.5198374797824,
        "hits_at_1": 3.211922656902422e-05,
        "hits_at_10": 0.0003854307188282906,
        "hits_at_3": 0.00022483458598316952,
        "hits_at_5": 0.00022483458598316952,
        "inverse_arithmetic_mean_rank": 4.8029377947914146e-05,
        "inverse_geometric_mean_rank": 6.529887619637573e-05,
        "inverse_harmonic_mean_rank": 0.00033019430403736816,
        "inverse_median_rank": 4.768262445164982e-05,
        "median_absolute_deviation": 15257.459430641149,
        "median_rank": 20972.0,
        "standard_deviation": 11957.752083264268,
        "variance": 142987834.88481092,
        "z_arithmetic_mean_rank": -1.9742775906797192,
        "z_geometric_mean_rank": -1.060540890065539,
        "z_hits_at_k": 1.631416709006333,
        "z_inverse_harmonic_mean_rank": 1.6610125951628119
      },
      "realistic": {
        "adjusted_arithmetic_mean_rank": 1.0064597885842328,
        "adjusted_arithmetic_mean_rank_index": -0.006460100863173945,
        "adjusted_geometric_mean_rank_index": -0.006004939770714701,
        "adjusted_hits_at_k": 0.00014376130365566854,
        "adjusted_inverse_harmonic_mean_rank": 5.931780972144547e-05,
        "arithmetic_mean_rank": 20820.58984375,
        "count": 31134.0,
        "geometric_mean_rank": 15314.18359375,
        "harmonic_mean_rank": 3028.5198100726375,
        "hits_at_1": 3.211922656902422e-05,
        "hits_at_10": 0.0003854307188282906,
        "hits_at_3": 0.00022483458598316952,
        "hits_at_5": 0.00022483458598316952,
        "inverse_arithmetic_mean_rank": 4.802937837666832e-05,
        "inverse_geometric_mean_rank": 6.529894017148763e-05,
        "inverse_harmonic_mean_rank": 0.000330194307025522,
        "inverse_median_rank": 4.768262442667037e-05,
        "median_absolute_deviation": 15257.459430641149,
        "median_rank": 20972.0,
        "standard_deviation": 11957.751953125,
        "variance": 142987840.0,
        "z_arithmetic_mean_rank": -1.9742710400428223,
        "z_geometric_mean_rank": -1.0603594237316827,
        "z_hits_at_k": 1.631416709006333,
        "z_inverse_harmonic_mean_rank": 1.6610126788595343
      }
    },
    "head": {
      "optimistic": {
        "adjusted_arithmetic_mean_rank": 1.006673325260223,
        "adjusted_arithmetic_mean_rank_index": -0.0066736478352498185,
        "adjusted_geometric_mean_rank_index": -0.007395247742979949,
        "adjusted_hits_at_k": 0.00033654331566056346,
        "adjusted_inverse_harmonic_mean_rank": 0.00015395329162553315,
        "arithmetic_mean_rank": 20826.73084088135,
        "count": 15567.0,
        "geometric_mean_rank": 15336.863420179614,
        "harmonic_mean_rank": 2354.1394098039173,
        "hits_at_1": 6.423845313804844e-05,
        "hits_at_10": 0.0005781460782424359,
        "hits_at_3": 0.0003854307188282906,
        "hits_at_5": 0.0003854307188282906,
        "inverse_arithmetic_mean_rank": 4.8015216965164456e-05,
        "inverse_geometric_mean_rank": 6.520238021316934e-05,
        "inverse_harmonic_mean_rank": 0.0004247836792653213,
        "inverse_median_rank": 4.758053004710473e-05,
        "median_absolute_deviation": 15184.811921934375,
        "median_rank": 21017.0,
        "standard_deviation": 11924.812103460887,
        "variance": 142201143.70284727,
        "z_arithmetic_mean_rank": -1.442167878303195,
        "z_geometric_mean_rank": -0.9234048245420752,
        "z_hits_at_k": 2.700641299328728,
        "z_inverse_harmonic_mean_rank": 3.0484552814815276
      },
      "pessimistic": {
        "adjusted_arithmetic_mean_rank": 1.006673334575243,
        "adjusted_arithmetic_mean_rank_index": -0.0066736571507199915,
        "adjusted_geometric_mean_rank_index": -0.0073952841727604746,
        "adjusted_hits_at_k": 0.00033654331566056346,
        "adjusted_inverse_harmonic_mean_rank": 0.0001539532824756296,
        "arithmetic_mean_rank": 20826.731033596712,
        "count": 15567.0,
        "geometric_mean_rank": 15336.863974760488,
        "harmonic_mean_rank": 2354.1394604986954,
        "hits_at_1": 6.423845313804844e-05,
        "hits_at_10": 0.0005781460782424359,